,Pull_Time,Push_Time,Total_Time
0,0,0.09240395843022498,0.09240395843022498
