,Pull_Time,Push_Time
0,0.0,11.94385925954608
1,0.0,11.793332359882577
2,0.0,11.715419600042367
3,0.0,11.722213384450384
4,0.0,11.708167702863022
Total,0.0,58.88299230678443
