,Pull_Time,Push_Time,Total_Time
0,0,4.763928237707347,4.763928237707347
