,Pull_Time,Push_Time,Total_Time
0,0,0.3986985305403072,0.3986985305403072
1,0,0.3254522697341873,0.7241508002744945
