,Pull_Time,Push_Time,Total_Time
0,0,0.09485546821970559,0.09485546821970559
