,Pull_Time,Push_Time,Total_Time
0,0,14.111489347012027,14.111489347012027
