,Pull_Time,Push_Time
0,0.0,3.9670676630697184
1,0.0,3.933517666965077
2,0.0,4.113920330363683
3,0.0,4.01596397050351
4,0.0,3.970882781444285
Total,0.0,20.001352412346275
