,Pull_Time,Push_Time,Total_Time
0,0,3.269433288377286,3.269433288377286
