,Pull Time,Push Time
0,0,14.350746045845057
1,0,14.397438756316571
2,0,14.535169866316345
