,Pull_Time,Push_Time,Total_Time
0,0,0.29492759065804497,0.29492759065804497
1,0,0.128201599476016,0.423129190134061
2,0,0.12488004862899726,0.5480092387630582
3,0,0.12354116507128043,0.6715504038343386
4,0,0.12027979400786637,0.791830197842205
