,Pull_Time,Push_Time
0,0.0,16.498946387276987
1,0.0,16.641128356947263
2,0.0,16.35174010544057
3,0.0,16.293821029055664
4,0.0,16.37876782592832
Total,0.0,82.1644037046488
