,Pull_Time,Push_Time
0,0.0,0.44885441484024136
1,0.0,0.2604767638391343
2,0.0,0.2736164831027763
3,0.0,0.2791236330675315
4,0.0,0.2560477183698089
Total,0.0,1.5181190132194924
