,Pull_Time,Push_Time,Total_Time
0,0,14.454685322710588,14.454685322710588
