,Pull_Time,Push_Time,Total_Time
0,0,0.3302475255145936,0.3302475255145936
