,Pull_Time,Push_Time,Total_Time
0,0,0.12861632682194468,0.12861632682194468
