,Pull_Time,Push_Time,Total_Time
0,0,0.33079007658693627,0.33079007658693627
1,0,0.35989889796354646,0.6906889745504827
2,0,0.36713400078468794,1.0578229753351707
3,0,0.3546138067351876,1.4124367820703583
4,0,0.3604055277696716,1.7728423098400299
