,Pull_Time,Push_Time
0,0.0,0.26698037905799765
1,0.0,0.21837750638303532
2,0.0,0.30478121383089274
3,0.0,0.25505871727489193
4,0.0,0.23637406074050205
Total,0.0,1.2815718772873197
