,Pull_Time,Push_Time,Total_Time
0,0,0.09665666313830457,0.09665666313830457
