,Pull_Time,Push_Time
0,0.0,24.107170397890997
1,0.0,22.85264163591978
2,0.0,22.40080622249633
3,0.0,22.617603193167326
4,0.0,22.489775268161566
Total,0.0,114.467996717636
