,Pull_Time,Push_Time,Total_Time
0,0,3.2264150063188737,3.2264150063188737
