,Pull_Time,Push_Time
0,0.0,0.513513626988896
1,0.0,0.5029238511142751
2,0.0,0.5001873037450935
3,0.0,0.49103997663718246
4,0.0,0.5719645247173162
Total,0.0,2.579629283202763
