,Pull_Time,Push_Time
0,0.0,4.986363914149095
1,0.0,5.097776753529274
2,0.0,4.921448121527703
3,0.0,5.010481545566137
4,0.0,4.985568514683621
Total,0.0,25.00163884945583
