,Pull Time,Push Time
0,0.0,7.301128907429031
1,0.0,7.279175415672029
2,0.0,7.295264877352203
Total,0.0,21.875569200453263
