,Pull Time,Push Time
0,2.5615177952055035,14.33026152941127
1,2.565869387842689,14.145901045119317
Total,5.127387183048192,28.476162574530587
