,Pull_Time,Push_Time,Total_Time
0,0,0.269003166203035,0.269003166203035
