,Pull_Time,Push_Time,Total_Time
0,0,2.54089262946934,2.54089262946934
