,Pull_Time,Push_Time,Total_Time
0,0,0.09601894403607503,0.09601894403607503
