,Pull_Time,Push_Time
0,0.0,0.22570264562455122
1,0.0,0.22752669953069926
2,0.0,0.23461998332692247
3,0.0,0.2918211008981757
4,0.0,0.2580140578108967
Total,0.0,1.2376844871912454
