,Pull_Time,Push_Time
0,0.0,7.497806236958127
1,0.0,7.622440901353201
2,0.0,7.5090327989150865
3,0.0,7.6028311555871255
4,0.0,7.4638023266717255
Total,0.0,37.695913419485265
