,Pull_Time,Push_Time,Total_Time
0,0,0.2379224072659838,0.2379224072659838
