,Pull_Time,Push_Time,Total_Time
0,0,10.356509236663754,10.356509236663754
