,Pull_Time,Push_Time,Total_Time
0,0,13.970020204545952,13.970020204545952
1,0,14.031976458041862,28.001996662587814
2,0,13.979535608004753,41.98153227059257
3,0,13.970748426578567,55.95228069717113
4,0,13.948252383749221,69.90053308092035
