,Pull Time,Push Time
0,2.5607331276652214,14.065847695190715
1,2.5520845239022734,14.16588440942105
2,2.5674265936984924,14.107182227140264
Total,7.680244245265987,42.33891433175203
