,Pull_Time,Push_Time,Total_Time
0,0,14.130997860118859,14.130997860118859
1,0,14.04738901378397,28.17838687390283
2,0,14.075652985640357,42.254039859543184
3,0,14.529581629211357,56.78362148875454
4,0,14.14782674007045,70.93144822882499
