,Pull_Time,Push_Time,Total_Time
0,0,7.378475790699376,7.378475790699376
