,Pull_Time,Push_Time
0,0.0,0.21936464143811918
1,0.0,0.20434908566380727
2,0.0,0.2573730731389787
3,0.0,0.2106241110070073
4,0.0,0.21843442059696372
Total,0.0,1.1101453318448762
