,Pull_Time,Push_Time
0,0.0,0.43207125286377845
1,0.0,0.4159276760293551
2,0.0,0.4592925749809922
3,0.0,0.4364988988032792
4,0.0,0.4249023944556143
Total,0.0,2.168692797133019
