,Pull_Time,Push_Time,Total_Time
0,0,57.99767304836728,57.99767304836728
