,Pull_Time,Push_Time,Total_Time
0,0,14.51770848446312,14.51770848446312
1,0,14.273150439662302,28.790858924125423
2,0,14.186315677020236,42.97717460114566
