,Pull_Time,Push_Time,Total_Time
0,0,14.348943378287787,14.348943378287787
1,0,14.296929384855313,28.6458727631431
