,Pull Time,Push Time
0,0,14.16138233076814
1,0,14.2619697625641
2,0,14.202352339650528
3,0,14.774322997917487
