,Pull_Time,Push_Time,Total_Time
0,0,3.496191179509765,3.496191179509765
1,0,3.5289742332558944,7.025165412765659
2,0,3.566161140934014,10.591326553699673
3,0,3.7531303983948874,14.34445695209456
