,Pull_Time,Push_Time,Total_Time
0,0,56.630096796149616,56.630096796149616
1,0,56.738299114050946,113.36839591020056
2,0,56.83372232488033,170.2021182350809
