,Pull_Time,Push_Time
0,0.0,0.2677473214164934
1,0.0,0.25517114617298375
2,0.0,0.25227831797036515
3,0.0,0.27646545937000155
4,0.0,0.2571743399000752
Total,0.0,1.308836584829919
