,Pull_Time,Push_Time,Total_Time
0,0,0.08821236652566711,0.08821236652566711
