,Pull_Time,Push_Time,Total_Time
0,0,0.08157159738138375,0.08157159738138375
