,Pull_Time,Push_Time
0,0.0,0.2965636410541821
1,0.0,0.26777018040406286
2,0.0,0.28607043273929555
3,0.0,0.3151312035910063
4,0.0,0.31164684077129046
Total,0.0,1.4771822985598373
