,Pull_Time,Push_Time,Total_Time
0,0,0.2879728603171223,0.2879728603171223
