,Pull_Time,Push_Time
0,0.0,0.28337353871592086
1,0.0,0.20346085071821562
2,0.0,0.23289343000038798
3,0.0,0.2130173070526098
4,0.0,0.21694018922573832
Total,0.0,1.1496853157128726
