,Pull_Time,Push_Time
0,0.0,0.2502480666661313
1,0.0,0.20863724512815907
2,0.0,0.2036917731437029
3,0.0,0.23241758985096794
4,0.0,0.22060229233659356
Total,0.0,1.1155969671255548
