,Pull_Time,Push_Time
0,0.0,0.5600228030063477
1,0.0,0.584822471970881
2,0.0,0.584048065453203
3,0.0,0.8557028742144439
4,0.0,0.6285260571465301
Total,0.0,3.2131222717914056
