,Triple_Size,Push_Time
0,2154,7.525325192423692
1,86,0.10268863679727858
