,Thread_Name,Total_Tuples,Push_Time
0,Thread-1,4359,15.727509587981539
1,Thread-2,4359,15.555097130066725
2,Thread-3,4359,15.610255139909189
